adenomatous	B
polyposis	I
coli	I

adenomatous	B
polyposis	I
coli	I
APC	I

colon	B

colon	B

HNPCC	B

hereditary	B
polyposis	I
HNPCC	B

HNPCC	B

HNPCC	B

Huntington	B

Huntington	B
HD	B
HD	B

HD	B
HD	B

HD	B

HD	B

Familial	B
complement	I
bacteremic	B
Neisseria	I

gonococcal	I
meningococcal	B

C7	I

Complete	B
C7	I
meningococcal	B

C7	B

C7	B
bacteremic	B
neisseria	I

hypoplasia	I

hypoplasia	I
CHH	B

CHH	B

CHH	B

CHH	B
Hodgkins	I

Hodgkins	I
CHH	B

dihydropyrimidine	B

Dihydropyrimidine	B
DPD	I
autosomal	B
recessive	I

DPD	B
DPD	I

DPD	B

DPD	B

Borjeson	B
Forssman	I
Lehmann	I
BFLS	B

Borjeson	B
Forssman	I
Lehmann	I
BFLS	B

BFLS	B

BFLS	B

familial	B

familial	B

Familial	B

familial	B

familial	B

urogenital	B
Denys	B
Drash	I

Wilms	B
WT1	B
Wilms	B
leukemias	B
nonneoplastic	B

Denys	B
Drash	I
DDS	B

DDS	B
mesangial	B
pseudohermaphroditism	B
Wilms	B
WT	B

DDS	B

mesangial	B
DDS	B

genital	I
Wilms	B
Wt1	B
Wilms	B
tumorigenesis	I

WT	B

hereditary	B
hemochromatosis	I

Hereditary	B
hemochromatosis	I
HH	B
autosomal	B
recessive	I

HH	B

adrenoleukodystrophy	B

adrenoleukodystrophy	B
ALD	B

dying	B
axonopathy	I
ALD	B

ALD	B

SEP	I

oromandibular	B

oromandibular	B

dystonic	B

APC	B
familial	B
adenomatous	I
polyposis	I

familial	B
adenomatous	I
polyposis	I
FAP	B
adenomatous	B
polyposis	I
coli	I
APC	B

FAP	B

APC	B
FAP	B

APC	B
FAP	B

C9	B

Deficiency	B
ninth	I
complement	I
complement	B

C9	B
C9	B

C9	B

hereditary	B
hemochromatosis	I

autosomal	B
recessive	I
hereditary	B
hemochromatosis	I

hereditary	B
hemochromatotic	I

familial	B
Mediterranean	I

Familial	B
Mediterranean	I
FMF	B
recessive	B

FMF	B

FMF	B

FMF	B

Autoimmune	B
lymphoproliferative	I

Autoimmune	B
lymphoproliferative	I
ALPS	B
homeostasis	I

ALPS	B

ALPS	B

ALPS	B

ALPS	B

ALPS	B

ALPS	B

hemochromatosis	B

hemochromatosis	I

infectious	B

hemochromatosis	B

alkaptonuria	B

Alkaptonuria	B
aku	B
inborn	B
error	I

Non	B
syndromic	I
aqueduct	I
PDS	B

Enlarged	B
aqueduct	I
EVA	B

syndromic	I
EVA	B
Pendred	B

PDS	B
Pendred	B
syndromic	I
EVA	B

syndromic	B
syndromic	I

adrenoleukodystrophy	I

adrenoleukodystrophy	I
ALD	B
inherited	B
adrenal	B

ALD	B
ALD	I

ALD	I

adrenomyeloneuropathy	B
Addison	B

ALD	B

ALD	I
ALD	I
adrenomyeloneuropathy	B

ALD	B

ALD	I

ALD	B

ALD	B
ALD	B

colon	B
adenomatous	B
polyposis	I
coli	I
APC	B
colon	B

tumours	I
pilomatricomas	B

pilomatricomas	B

pilomatricomas	B

tumours	B

tumours	B

Pendred	B

Pendred	B
syndromic	B
goitre	B

Pendred	B
PDS	B

diastrophic	B
dysplasia	I

Pendred	B

hemochromatosis	B
hemochromatosis	B

Hereditary	B
hemochromatosis	I
HH	B
autosomal	B
recessive	I

HH	B

HH	B
HH	B

hemochromatosis	B
HH	B

HH	B

HH	B
hemochromatosis	B

adrenoleukodystrophy	B
ALD	I

Inherited	B
adrenoleukodystrophy	B
peroxisomal	B
adrenoleukodystrophy	I
ALD	I

ALD	I

ALD	I

chromosomal	B

aneuploidy	B

lymphoproliferative	I
Ia	I

lymphoproliferative	I
ALPS	B

ALPS	B

ALPS	B

ALPS	B

alkaptonuria	B
AKU	B

alkaptonuria	B
AKU	B

AKU	B

AKU	B
AKU	B

Fabry	B

Fabry	B
FD	B
angiokeratoma	B
corporis	I
diffusum	I
inborn	I
error	I
glycosphingolipid	I

angiokeratoma	B
acroparesthesia	I
vasculopathy	B

galactosidase	I

Gal	I
FD	B

Pelizaeus	B
Merzbacher	I

Pelizaeus	B
Merzbacher	I

Pelizaeus	B
Merzbacher	I

familial	B
adenomatous	I
polyposis	I

adenomatous	B
polyposis	I
coli	I
APC	B

familial	B
APC	I
FAP	B
APC	B
adenomas	I

APC	B

APC	B
APC	B
APC	B

APC	B

APC	B
polyposis	B

APC	B
APC	B

APC	B
polyposis	I
APC	B

FAP	B

C6	I
C7	I

C6	I
C7	I

C6	B

Emery	I
Dreifuss	I

Emery	B
Dreifuss	I
EDMD	B
recessive	I
elbows	I
Achilles	I
tendons	I
spine	I
wasting	I

EDMD	B

EDMD	B

EDMD	B
elbow	B
ankle	B

EDMD	B

Van	B
der	I
Woude	I

Van	B
der	I
Woude	I
VWS	B
autosomal	B
dominant	I
pits	I

pits	I
delays	I

VWS	B
VWS	B

VWS	B

popliteal	B
pterygia	I
syndromic	B
nonsyndromic	B

telangiectasia	I

telangiectasia	I

familial	B
hypertrophic	I

familial	B
hypertrophic	I
FHC	B

FHC	B

IDC	B

Overgrowth	B
aspartylglucosaminuria	B

Aspartylglucosaminuria	B
AGU	B
lysosomal	B
aspartylglucosaminidase	I

AGU	B

angiofibromas	I
tumours	B
tuberous	B

Oedemic	B
buccal	I
leucoedema	B
gingival	B
overgrowths	I
AGU	B

fibroepithelial	B
hyperplasias	I

AGU	B

AGU	B

Lowe	B

oculocerebrorenal	B
Lowe	I
OCRL	B

OCRL	B

Lowe	B

Familial	B
Mediterranean	I

Familial	B
Mediterranean	I
FMF	B
recessively	B
inherited	I

serosal	B

amyloidosis	I
FMF	B

FMF	B

FMF	B
FMF	B

amyloidosis	I

fragile	B

fragile	B

fragile	B

fragile	B

fragile	B

fragile	B

Mentally	B
retarded	I

mentally	B
retarded	I

fragile	B

hereditary	B

Prostate	B

hereditary	B
HPC	B

glucuronidase	I
mucopolysaccharidosis	B
VII	I

mucopolysaccharidosis	B
VII	I
autosomal	B
recessive	I
lysosomal	I
glucuronidase	I

MPS	B
VII	I

rearrangement	B

cat	B
der	B
velo	B
cardio	I
DiGeorge	B
VCFS	B
DGS	B

VCFS	B
DGS	B

VCFS	B
DGS	B

VCFS	B
DGS	B

VCFS	B
DGS	B

VCFS	B
DGS	B

myelinopathies	B

hypomyelination	B
PNS	I

inherited	B
Charcot	B
Marie	I
Tooth	I
Dejerine	B
Sottas	I
hypomyelinating	I

Autosomal	B
recessive	I
familial	I
neurohypophyseal	I

Familial	B
neurohypophyseal	I
autosomal	B
dominant	I

neurohypophyseal	B

glycosyl	I
phosphatidylinositol	I
GPI	I
anchored	I

GPI	B
anchor	I

hereditary	B
hemochromatosis	I

hemochromatosis	B

hereditary	B
hemochromatosis	I

Emery	I
Dreifuss	I

Emery	B
Dreifuss	I
EMD	B
EMD	I

ankle	B

Emery	I
Dreifuss	I

Emery	I
Dreifuss	I
EDMD	B

ambulation	I
wasting	I

Emery	B
Dreifuss	I

hereditary	B

hepatoblastoma	B

Hepatoblastoma	B

adenomatous	B
polyposis	I
coli	I

APC	B
hepatoblastoma	B

adenomatous	B
polyposis	I
coli	I
hepatoblastomas	B

hepatoblastoma	B

hereditary	B

Hereditary	B
HPD	B
DRD	B

HPD	B
DRD	B

pendred	B

Pendred	B
syndromic	B
dyshormonogenic	B
goiter	I

PDS	B
goiter	I

Pendred	B

kniest	B
dysplasia	I

Kniest	B
dysplasia	I
collagenopathy	I
kyphoscoliosis	B
midface	B
hypoplasia	I
myopia	B

Kniest	B
dysplasia	I

Kniest	B
dysplasia	I

Kniest	B
dysplasia	I

Kniest	B
dysplasia	I
Kniest	B
dysplasia	I

Classical	B
galactosemia	I

Classical	B
galactosemia	I

galactosemia	B

VHL	B
sporadic	B
VHL	B
RCC	B

von	B
Hippel	I
Lindau	I
VHL	B
VHL	B

VHL	B
nonpapillary	B
RCC	B

VHL	B

VHL	B
sporadic	B
RCC	I

RCC	B
VHL	B

RCC	B
VHL	B

RCC	B
VHL	B

Chediak	B
Higashi	I

Chediak	B
Higashi	I
CHS	B
inherited	B

lymphoproliferative	B
hemophagocytosis	B

CHS	B
lymphoproliferative	B

CHS	B

CHS	B
lymphoproliferative	B

Pelizaeus	B
Merzbacher	I

Dysmyelinating	I

Pelizaeus	B
Merzbacher	I
PMD	B
myelination	I

PMD	B

Prader	B
Willi	I
Angelman	I

Prader	B
Willi	I
PWS	B
Angelman	B
neurobehavioral	B

PWS	B

van	B
der	I
Woude	I

van	B
der	I
Woude	I
VWS	B
pits	B
CL	B
bifid	B
uvula	I
hypodontia	B

VWS	B

CL	B
VWS	B
clefts	B

VWS	B
VWS	B

VWS	B

VWS	B

telangiectasia	I

McLeod	B

McLeod	B

acanthocytosis	B

McLeod	B

familial	B

phenylalanine	B
Phenylketonuria	I

phenylketonuria	I
PKU	B

hyperphenylalaninemic	B
PKU	I

PKU	B
PKU	B
PKU	B
hyperphenylalaninemia	I
MHP	B

PAH	B
PKU	B
MHP	B
PKU	B
PKU	B
PKU	B
PKU	B

PKU	B

PKU	B

phenylketonuria	I

PKU	B

PKU	B

Spinal	B
xanthomatosis	I
cerebrotendinous	B
xanthomatosis	I

cerebrotendinous	B
xanthomatosis	I
CTX	B

xanthomatosis	I
CTX	B

Prader	B
Willi	I
angelman	I

Prader	B
Willi	I
PWS	B
Angelman	B

PWS	B

PWS	B

PWS	B

PWS	B

van	B
der	I
Woude	I

van	B
der	I
Woude	I
vWS	B
autosomal	B
dominant	I
clefting	I
cysts	I
pits	I
clefts	B

vWS	B

vWS	B
vWS	B

vWS	B

copper	I

copper	B
logical	I

copper	B

copper	B

cirrhotic	B

Machado	B
Joseph	I

trinucleotide	B

Machado	B
Joseph	I
MJD	B

MJD	B

MJD	B

aniridia	B
Peters	B
foveal	B
hypoplasia	I

Peters	B
Axenfeldt	B
foveal	B
hypoplasia	I

inherited	B

dermatofibrosarcoma	B
protuberans	I

Dermatofibrosarcoma	B
protuberans	I
DFSP	B

DFSP	B

DFSP	B
giant	B
fibroblastoma	I

Zellweger	B

Zellweger	B
Zellweger	B
adrenoleukodystrophy	I
infantile	B
Refsum	I

Zellweger	B

Zellweger	B

Zellweger	B

Zellweger	B

Zellweger	B

Wiskott	B
Aldrich	I

Wiskott	B
Aldrich	I
WAS	B
recessive	I
eczema	B
WAS	B

WAS	B

XLT	B

DMD	B

DMD	B

DMD	B

telangiectasia	I

Ataxia	B
telangiectasia	I

epiphyseal	I
dysplasia	I
club	B
layered	I
patella	I

diastrophic	B
dysplasia	I
recessive	B
achondrogenesis	B
atelosteogenesis	B
diastrophic	B
dysplasia	I

epiphyseal	I
dysplasia	I

club	B
dysplasia	I

epiphyseal	I
dysplasia	I
layered	I
patella	I

Cleft	B
pinna	I
hitch	B
hiker	I
thumb	I

DTDST	B

recessive	B

epiphyseal	I
dysplasia	I
EDM1	B
EDM2	B

EDM4	B

diastrophic	B
dysplasia	I

chondrodysplasias	B

diastrophic	B
dysplasia	I
platyspondyly	B
metatropic	B
dysplasia	I

familial	B
adenomatous	I
polyposis	I

FAP	B
familial	B
adenomatous	I
polyposis	I

sporadic	B
APC	B

polyposis	I
APC	B

FAP	B
APC	B
adenomas	I
FAP	B

APC	B

APC	B
FAP	B
desmoids	I

neurofibrosarcomas	B

neurofibrosarcomas	B

glioma	B

neurofibrosarcoma	B
neurofibrosarcoma	B

neurofibrosarcoma	B

neurofibrosarcoma	B

neurofibrosarcoma	B

hemochromatosis	B

Hereditary	B
hemochromatosis	I
hemochromatosis	B

hemochromatosis	B

microvesicular	B
steatosis	I

hereditary	B
hemochromatosis	I
pigmentation	I

hemochromatosis	B

recessive	B

phenylketonuria	B

Emery	I
Dreifuss	I

Achilles	I
tendons	I
elbows	I

Emery	I
Dreifuss	I
EDMD	B
EDMD	B

Becker	I

Becker	I
DMD	B
BMD	B

DMD	B
DMD	B
BMD	B

DMD	B
BMD	B

DMD	B

myotonic	B
DM	B

myotonic	B
DM	B
DM	B

DM	B

DM	B

DM	B

DM	B
DMPK	B
haploinsufficiency	I

Coats	B

Coats	B
intraretinal	B
subretinal	I

Coats	B

Coats	B
Norrie	B

Coats	B

Coats	B
norrin	I

Fraumeni	I

Fraumeni	I
autosomal	B
dominant	I

Fraumeni	I

Fraumeni	I

seminoma	B
medulloblastoma	B

seminoma	B

Fraumeni	I

seminoma	B
medulloblastoma	B
tumorogenesis	B

iodide	B

iodide	B

iodide	B

iodide	B

familial	B
neurohypophyseal	I

Familial	B
neurohypophyseal	I
FNDI	B

FNDI	B

FNDI	B

Friedreich	B

Friedreich	B
FRDA	B
inherited	B
ataxias	I
autosomal	B
recessive	I
degenerative	I
gait	I
extensor	B
plantar	I
position	I
vibration	I
sense	I

FRDA	B
FRDA	B

FRDA	B
FRDA	B

FRDA	B

FRDA	B

FRDA	B

argininemia	B

Argininemia	B
autossomal	B
recessive	I
cytosolic	I
arginase	I

argininemia	B

cerebrotendinous	B
xanthomatosis	I

cerebrotendinous	B
xanthomatosis	I
CTX	B

CYP27	I

Wolfram	B

Wolfram	B
autosomal	B
recessive	I

Wolfram	B

Wolfram	B
Wolfram	B

familial	B
Mediterranean	I
FMF	B

familial	B
Mediterranean	I
FMF	B
FMF	B
FMF	B

FMF	B
FMF	B

FMF	B

FMF	B

FMF	B
amyloidosis	B

FMF	B

FMF	B

hereditary	B

uniparental	I
disomy	I

uniparental	I
disomy	I
UPD	B

Prader	B
Willi	I
PWS	B

stature	I
obesity	B
cryptorchidism	B
dysmorphic	B

hypotonia	B

obese	B

Prader	B
Willi	I

PWS	B
UPD	B

heterodisomy	I

UPD	B

UPD	B

PWS	B

Friedreich	B

Friedreich	B
autosomal	B
recessive	I
FRDA	B

scoliosis	B
deformity	I

proprioception	I

deformity	I

scoliosis	B
proprioception	I

retinoschisis	B

Juvenile	B
retinoschisis	I
recessive	I

Retinoschisis	B

Prader	B
Willi	I

PWS	B

Prader	B
Willi	I
PWS	B

PWS	B

FRDA	B

Friedreich	B
FRDA	B
inherited	B

FRDA	B

fragile	B

von	B
Hippel	I
Lindau	I
VHL	B
VHL	B

von	B
Hippel	I
Lindau	I
VHL	I
autosomal	B
dominantly	I
inherited	I
hemangioblastomas	B
hemangioblastomas	B
pancreatic	B
cysts	I
pheochromocytomas	B
endolymphatic	B
sac	I
epididymal	B
cystadenomas	I

VHL	B

VHL	B
VHL	B

VHL	B

VHL	B

VHL	B
VHL	B

VHL	B
VHL	B

VHL	B

VHL	B

VHL	B
VHL	B

rhabdoid	I

rhabdoid	B

neuroectodermal	B
medulloblastomas	B

Wilms	B
ependymomas	B
sarcomas	B

rhabdoid	B
medulloblastomas	B
rhabdoid	B

Spinocerebellar	B
Machado	B
Joseph	I
SCA3	B
MJD	B
CAG	B
polyglutamine	I

polyglutamine	B

SCA3	B
MJD	B

SCA3	B
MJD	B

Prader	B
Willi	I

Prader	B
Willi	I
PWS	B
neurogenetic	B

contiguous	B

PWS	B
PWS	B

PWS	B
PWS	B

PWS	B

PWS	B

Alveolar	B
rhabdomyosarcoma	I
striated	I

rhabdomyosarcoma	I

hemochromatosis	B
HFE	B

hemochromatosis	B

HFE	B

hemochromatosis	B

Ataxia	B
telangiectasia	I
instability	I
lymphoid	B

telangiectasia	I

lymphoid	B

Burkitts	B
lymphoid	B

Frasier	B

Frasier	B

Denys	B
Drash	I
DDS	B

WT1	B

DDS	B

PDS	B
Pendred	B

Pendred	B
recessive	B
inherited	I
goiter	B

hereditary	B

PDS	B

PDS	B

PDS	B

PDS	B

Sjogren	B
Larsson	I

Sjogren	B
Larsson	I
SLS	B
autosomal	B
recessive	I
ichthyosis	B

SLS	B
SLS	B

SLS	B

SLS	B

SLS	B
SLS	B

periodontal	B
palmoplantar	B
keratosis	I

Papillon	B
Lefevre	I
keratosis	B
palmoplantaris	I
periodontopathia	B
PLS	B
autosomal	B
recessive	I
periodontitis	B

Palmoplantar	B
keratosis	I
hyperkeratosis	B

Keratosis	B

PLS	B
periodontitis	B
hyperkeratosis	B

palmoplantar	B
keratosis	I
periodontitis	B
periodontitis	B

PLS	B

Van	B
der	I
Woude	I

Van	B
der	I
Woude	I
VWS	B
autosomal	B
dominant	I
craniofacial	I

pits	I
hypodontia	B

VWS	B

VWS	B

VWS	B

VWS	B

VWS	B

VWS	B

VWS	B

alloimmune	I

Papillon	B
Lefevre	I

Papillon	B
Lefevre	I
PLS	B
autosomal	B
recessive	I
palmoplantar	B
hyperkeratosis	I
periodontitis	B

PLS	B

PLS	B

PLS	B

PLS	B

palmoplantar	B
hyperkeratosis	I
periodontitis	B
PLS	B

periodontal	B

alkaptonuria	B

Alkaptonuria	B
AKU	B
inborn	B
error	I

AKU	B

AKU	B
AKU	B

AKU	B

APC	I

APC	B
adenomatous	B
polyps	I
colon	I
rectum	I

APC	B
adenomatous	I
polyposis	I
coli	I
AAPC	B

AAPC	B
polyps	I

APC	B
AAPC	B

APC	B

APC	B

APC	B
polyposis	I

Alstrom	B

Alstrom	B
autosomal	B
recessive	I
obesity	B

Alstrom	B

Alstrom	B

Pendred	B
PDS	B

Pendred	B
goiter	I

autosomal	B
recessive	I
PDS	B

PDS	B

widened	B
aqueduct	I

goiter	B

Pendred	B
PDS	B
goiter	I

Knobloch	B
scalp	I

Knobloch	B

vitreoretinal	B
myopia	I
telecanthus	B
hypertelorism	B
arched	I

scalp	I

scalp	I

telangiectasia	I

telangiectasia	I
ATLD	B

NBS	B
ionizing	I

familial	B
expansile	I
osteolysis	I

Familial	B
expansile	I
osteolysis	I
FEO	B
autosomal	B
dominant	I

osteolytic	B

FEO	B

FEO	B
familial	B
Paget	I
PDB	B

Brugada	B

LQT3	B
IVF	B

IVF	B

LQT3	B

IVF	B

retinoblastoma	B

hereditary	B
retinoblastoma	I
retinoblastoma	B

hereditary	B
retinoblastoma	I

retinoblastoma	B

Friedreich	B

Friedreich	B
autosomal	B
recessive	I
inherited	B
ataxias	I

Friedreich	B

Friedreich	B

FRDA	B

retinoschisis	I

retinoschisis	I
XLRS	B
vitreoretinal	B

XLRS	B

XLRS	B

XLRS	B

XLRS	B

Ataxia	B
telangiectasia	I
hereditary	B
multisystemic	I
telangiectasia	I
ionizing	I

telangiectasia	I

Haim	B
Munk	I
Papillon	B
Lefevre	I

palmoplantar	B
keratoderma	I
PPK	I
Papillon	B
Lefevre	I
PLS	B
Haim	B
Munk	I
HMS	B

PLS	B
HMS	B
PPK	B
periodontitis	B
HMS	B
arachnodactyly	B
acro	B
osteolysis	I
atrophic	B
nails	I
deformity	I

PLS	B
HMS	B

PLS	B
HMS	B

PLS	B

HMS	B
PLS	B
HMS	B

HMS	B

HMS	B

PLS	B

PLS	B
HMS	B

autosomal	B
recessive	I
telangiectasia	I

sporadic	B

G6PD	B

G6PD	B
G6PD	B

myotonic	B

Myotonic	B
DM	B
inherited	B

myotonic	B

DM	B

deficiencies	B

Protein	B

thrombophilic	B

PROS1	B

PROS1	B

PROS1	B

thrombophilic	B

PROS1	I

PROS1	B

Autoimmune	B
lymphoproliferative	I
ALPS	B

Autoimmune	B
lymphoproliferative	I
ALPS	B

ALPS	B

ALPS	B

ALPS	B

Prader	B
Willi	I
Angelman	B

Prader	B
Willi	I
PWS	B
Angelman	B

PWS	B

PWS	B

PWS	B

hereditary	B
hereditary	B
Prostate	B

hereditary	B

hereditary	B
Prostate	B

hereditary	B

Huntington	B

HD	B

Huntington	B
HD	B
HD	B

incoordination	I
deficiencies	I
hereditary	B
telangiectasia	I

thymic	B

Atm	B

WD	B
autosomal	B
recessive	I

WD	B

WD	B
WD	B

Wiskott	B
Aldrich	I

Wiskott	B
Aldrich	I

inherited	B

Machado	B
Joseph	I
MJD	B

spinocerebellar	B
SCA3	B

MJD	B

Emerin	B
Emery	B
Dreifuss	I

recessive	I
Emery	I
Dreifuss	I
EDMD	B
inherited	B
wasting	B
humero	I
peroneal	I
elbows	I
Achilles	I
tendons	I
postcervical	I

EDMD	B

Friedreich	B

Friedreich	B
FRDA	B
autosomal	B
recessive	I

FRDA	B

FRDA	B

FRDA	B

FRDA	B

FRDA	B
FRDA	B

FRDA	B

IGT	B
hypertriglyceridemia	B

IGT	B

hyperglycerolemia	B

dystonias	I

dystonias	I

torsion	I
torsion	I
dystonic	I
choreoathetosis	I

torsion	I

dystonias	I
dystonias	B

adrenoleukodystrophy	I

Adrenoleukodystrophy	I
ALD	I
peroxisomal	B

ALD	I

ALD	I

ALD	I

GM1	B
gangliosidosis	I

GM1	B
gangliosidosis	I
lysosomal	B
galactosidase	I

GM1	B
gangliosidosis	I

obesity	B

tumours	I
lipomas	B

obesity	B
obese	B

Hmgic	I
obesity	B

obesity	B
leptin	B

obesity	B

lipomas	B

lipomas	B
lipomas	B

adipose	B
lipomas	B

lipomas	B

telangiectasia	I
Nijmegen	B
breakage	I
NBS	B
phenotypic	B
chromosomal	B
instability	I

NBS	B

NBS	B

NBS	B

fragile	B

Fragile	B
inherited	B
fragile	B

fragile	B

Haploinsufficiency	B
FOXC1	I
FOXC2	I

Anterior	B
Axenfeld	B
Rieger	I
ARA	B

iris	B
hypoplasia	I

ARA	B

FMR1	B

Fragile	B

macroorchidism	B

fragile	B

fragile	B

fragile	B

DM	B

Myotonic	B
DM	B
DM	B

DM	B

DM	B

DM	B
DM	B

Friedreich	B

Friedreich	B
FRDA	B
autosomal	B
recessive	I

sulfur	I

Frda	B

Gaucher	B

Gaucher	B
lysosomal	B

ankylosing	B
spondylitis	I

ankylosing	B
spondylitis	I

psoriatic	I

ankylosing	B
spondylitis	I

ankylosing	B
spondylitis	I

ankylosing	B
spondylitis	I

spondylitis	B
spondylitis	B

ankylosing	B
spondylitis	I

ankylosing	B
spondylitis	I

BRCA1	B

BRCA1	B

acyl	I

Very	B
acyl	I
VLCAD	I

VLCAD	B

Prader	B
Willi	I

Prader	B
Willi	I
PWS	B

PWS	B

Familial	B
PWS	I

PWS	B

PWS	B

PWS	B

nonketotic	B
hyperglycinemia	I

nonketotic	B
hyperglycinemia	I
NKH	B
error	I

NKH	B

NKH	B

NKH	B

Prader	B
Willi	I
PWS	B
neurogenetic	B
infantile	B
hypotonia	I
gonadal	B
hypoplasia	I
hyperphagia	B
obesity	B

PWS	B

PWS	B

PWS	B
PWS	B

PWS	B

PWS	B

Six5	I
myotonic	B

myotonic	B
dominantly	B
inherited	I

myotonic	B

SIX5	B
myotonic	B

lenticular	B
opacities	I

SIX5	B
myotonic	B
myotonic	B
multigenic	B

Myotonic	B
DM	B
autosomal	B
dominant	I
wasting	I
hyperinsulinaemia	B

DM	B

DM	B

DM	B

DM	B

DM	B
DM	B

DM	B

telangiectasia	I

Nijmegen	B
breakage	I
NBS	B

NBS	B

NBS	B

NBS	B

NBS	B

BRCA	B
sporadic	I

hereditary	B

hereditary	B
sporadic	B
nonhereditary	I

Hereditary	B

hereditary	B

BRCA	B
hereditary	I
sporadic	B
hereditary	I
nonhereditary	B

BRCA1	B
BRCA2	I

familial	B
Mediterranean	I

Familial	B
Mediterranean	I
FMF	B
recessive	B
serosal	I

FMF	B

mucopolysaccharidosis	B

Mucopolysaccharidosis	B
MPS	B
lysosomal	B
acetylgalactosamine	I
sulfatase	I

MPS	B

MPS	B

telangiectasia	I

telangiectasia	I
autosomal	B
recessive	I

familial	B
mediterranean	I

Familial	B
Mediterranean	I
FMF	B
recessive	B

FMF	B

FMF	B

Pelizaeus	B
Merzbacher	I

Pelizaeus	B
Merzbacher	I
PMD	B

PMD	B

PMD	B

von	B
Hippel	I
Lindau	I
VHL	B

Von	B
Hippel	I
Lindau	I
VHL	I
hereditary	B
centric	I
hemangioblastoma	I
pheochromocytoma	B
cysts	B
pancreas	I
epididymis	I

VHL	B

VHL	B

VHL	B

VHL	B
VHL	B

pheochromocytoma	B

VHL	B
VHL	B
hemangioblastoma	I

Friedreich	B

Friedreich	B
FRDA	B
inherited	B

FRDA	B

telangiectasia	I
Nijmegen	B
breakage	I

Ataxia	B
telangiectasia	I
Nijmegen	B
breakage	I
NBS	B
recessive	B

Nijmegen	B
breakage	I

ionizing	I

microcephaly	B
stature	I
Cohen	B

microcephaly	B

Hypotonia	B
myopia	B

stature	I
Cohen	B

Cohen	B

Cohen	B

ankylosing	B
spondylitis	I

Ankylosing	B
spondylitis	I
rheumatic	B

PDS	B
Pendred	B
syndromic	I
DFNB4	B

PDS	B

Pendred	B
autosomal	B
recessive	I
syndromic	I
DFNB4	B

syndromic	I
PDS	B

PDS	B
Pendred	B
PDS	B
syndromic	I
Pendred	B
PDS	B
syndromic	I

Pendred	B
DFNB4	B

goiter	B
DFNB4	B

Mendelian	B

hemophilia	B

lymphoproliferative	I

Wiskott	B
Aldrich	I
Wiskott	B
Aldrich	I

Wiskott	B
Aldrich	I
WAS	B
WAS	B

WAS	B

WAS	B

WAS	B

WAS	B

WAS	B

WAS	B

photoreceptor	B
dystrophies	I
autosomal	B
dominant	I
retinitis	I
pigmentosa	I

afibrinogenemia	I

Congenital	B
afibrinogenemia	I
autosomal	B
recessive	I

afibrinogenemia	B
afibrinogenemia	I

Myotonic	B

myotonic	B
DM	B

DM	B

Prader	B
willi	I

Prader	B
Willi	I
PWS	B

hypotonia	I
obesity	I

PWS	B

PWS	B

PWS	B

PWS	B

PWS	B
dysmorphic	B
PWS	B

retinoschisis	I

retinoschisis	I

retinoblastoma	B

retinoschisis	I

familial	I
infantile	I
BFIC	B

Benign	B
familial	I
infantile	I
BFIC	B
autosomal	B
dominant	I

BFIC	B

BFIC	B
BFIC	B

BFIC	B

BFIC	B

BFIC	B

APC	B
familial	I
adenomatous	I
polyposis	I

adenomatous	B
polyposis	I
coli	I
APC	I
familial	B
adenomatous	I
polyposis	I
FAP	B

FAP	B

APC	B
FAP	I
AFAP	B

APC	B
AFAP	B
AFAP	B

AFAP	B
APC	B

APC	B

FAP	B
APC	B

Friedreich	B

Frataxin	B
Friedreich	B
FRDA	B
autosomal	B
recessive	I
cardiodegenerative	I

FRDA	B

faciogenital	B
dysplasia	I
Aarskog	B
Scott	I

Aarskog	B
Scott	I
AAS	B
stature	I
genital	I

AAS	B

AAS	B

AAS	B

AAS	B

agammaglobulinemia	I

Huntington	B
HD	B

HD	B
HD	B

neuritic	B

HD	B
HD	B

adenomatous	B
polyposis	I
coli	I
familial	B
adenomatous	I
polyposis	I

APC	B

Colorectal	B

Myotonic	B

Myotonic	B
DM	B

DM	B

APC	B
familial	B
adenomatous	I
polyposis	I

adenomatous	B
polyposis	I
coli	I
APC	I
hereditary	B
familial	B
adenomatous	I
polyposis	I
FAP	B

APC	B

FAP	B

FAP	B
APC	B

APC	B

EA	B
FHM	B

EA	B
familial	B
hemiplegic	I
FHM	B
spinocerebellar	B
SCA6	B

EA	B

FHM	B

EA	B

FHM	B

Analbuminemia	B

analbuminemia	B

ankle	B
ease	B

Histidinemia	B

histidinemia	B

pyruvate	B
carboxylase	I

pyruvate	B
carboxylase	I
Portland	I

G6PD	B

hyperbilirubinaemia	B

telangiectasia	I

telangiectasia	I

Wolman	B

Wolman	B

Wolman	B

Wolman	B

telangiectasia	I

Ataxia	B
telangiectasia	I
autosomal	B
recessive	I

neoplasm	I

pancreatic	B
colonic	I

ankylosing	B
spondylitis	I

Ankylosing	B
spondylitis	I

ankylosing	B
spondylitis	I

ankylosing	B
spondylitis	I

Analbuminemia	B

Analbuminemia	B
atopic	B
bronchial	B
asthma	I
hyperlipoproteinemia	B
arcus	I

analbuminemia	B

analbuminemia	B

analbuminemia	B

piebaldism	B

piebaldism	B

piebaldism	B

piebald	B

Lesch	B
Nyhan	I

Lesch	B
Nyhan	I
hypoxanthine	I
guanine	I
phosphoribosyltransferase	I

Lesch	B
Nyhan	I

HPRT	B

fragile	B

fragile	B

fragile	B

Norrie	B

Norrie	B
recessive	I
blindness	I

Norrie	B
Norrie	B

phenylketonuria	B
hyperphenylalaninemias	B

phenylketonuria	B
hyperphenylalaninemia	B

Tay	B
Sachs	I

Tay	B
Sachs	I
TSD	B

Tay	B
Sachs	I

Tay	B
Sachs	I

Tay	B
Sachs	I
TSD	B

TSD	B

hyperphenylalaninemia	B

phenylketonuria	B
PKU	B
hyperphenylalaninemia	B
HPA	B

PKU	B
HPA	B
HPA	B

hyperphenylalaninemia	B

PKU	B

phenylketonuria	I

hexosaminidase	B

Tay	B
Sachs	I
TSD	B
TSD	B

TSD	B

TSD	B

Tay	B
Sachs	I

Tay	B
Sachs	I
TSD	B
autosomal	B
recessive	I

Tay	B
Sachs	I

TSD	B

TSD	B

CHM	B
choroideremia	B

Choroideremia	B
CHM	B
retina	I

CHM	B

CHM	B

CHM	B

CHM	B
CHM	B

Wilms	B

Denys	B
Drash	I
intersex	B
Wilms	B

Wilms	B

myotonic	B

myotonic	B
DM	B

DM	B

DM	B

Fragile	B

fragile	B
fragile	B

fragile	B
fragile	B
fragile	B

Huntington	B

Huntington	B

HD	B
HD	B

HD	B

HD	B

HD	B

HD	B

Norrie	B

Norrie	B
NDP	B

G6PD	B

G6PD	I

G6PD	B

G6PD	I

Prader	B
Willi	I

Prader	B
Willi	I
PWS	B
disomy	I

PWS	B

PWS	B

PWS	B

Tay	B
Sachs	I

Tay	B
Sachs	I
TSD	B

TSD	B
TSD	B

TSD	B

Norrie	B

Norrie	I
ND	B

ND	B

Norrie	B

Becker	I
DMD	B
BMD	B

neuroblastoma	B

familial	B
adenomatous	I
polyposis	I
coli	I

familial	B
adenomatous	I
polyposis	I
coli	I
FAPC	B
epidermoid	B
cysts	I
osteomata	B
pigment	I
epithelium	I
CHRPEs	B
handicap	I

APC	B

APC	B

Huntington	B

hereditary	B
retinopathies	I

Huntington	B
HD	B

HD	B

HD	B

Wiskott	B
Aldrich	I

eczema	B
Wiskott	B
Aldrich	I
WAS	B

WAS	B

Epstein	B
cytomegalovirus	B

APC	B
familial	B
adenomatous	I
polyposis	I

adenomatous	B
polyposis	I
coli	I
APC	B
adenomatous	B
polyps	I
colon	I

APC	B

APC	B

DMD	B

DMD	B

DMD	B

DMD	B

APC	B
polyps	I
familial	B
adenomatous	I
polyposis	I

adenomatous	B
polyposis	I
coli	I
APC	B
familial	B
adenomatous	I
polyposis	I
FAP	B
FAP	B

APC	B
polyps	I
FAP	B

FAP	B
polyps	B
FAP	B
polyps	B
APC	B

polyps	I
FAP	B
APC	B

Tay	B
Sachs	I

Tay	B
Sachs	I
TSD	B

TSD	B

TSD	B

TSD	B

TSD	B

Tay	B
Sachs	I

G6PD	I
G6PD	B

G6PD	I

G6PD	B

G6PD	B

APC	B

Familial	B
adenomatous	I
polyposis	I
FAP	B

adenomatous	B
polyposis	I
coli	I
APC	B

APC	B
FAP	B

familial	B
adenomatous	I
polyposis	I
APC	B

APC	B
FAP	B

FAP	B

familial	B
polyposis	I
APC	I

APC	B
adenomatous	B
polyposis	I
coli	I

familial	B
adenomatous	I
polyposis	I
APC	B

polyposis	B

APC	B

Denys	B
Drash	I

Denys	B
Drash	I
Wilms	B
genital	B
Wilms	B

Denys	B
Drash	I

WAGR	B

WAGR	B
Wilms	B
aniridia	B
genitourinary	B

aniridia	B
Wilms	B

aniridia	B
aniridia	B
Wilms	B

WAGR	B

Wilms	B
aniridia	B

aniridia	B
aniridia	B
aniridia	B

C2	B

C2	B

C2	B
Hodgkins	B

C2	B

C2	B

familial	B
adenomatous	I
polyposis	I

adenomatous	B
polyposis	I
coli	I
APC	B
familial	B
adenomatous	I
polyposis	I
FAP	B

APC	B
APC	B
FAP	B

APC	B
FAP	B
APC	B

APC	B
FAP	B

APC	B
APC	B

adenomatous	B
polyposis	I
coli	I
APC	B
adenomas	B
familial	B
adenomatous	I
polyposis	I
FAP	B

APC	B

APC	B

APC	B

adenomas	B
APC	B
adenomas	B

APC	B

Denys	B
Drash	I

Denys	B
Drash	I
genital	B
Wilms	B

Wilms	B

diastrophic	B
dysplasia	I

diastrophic	B
dysplasia	I
DTD	B
DTD	B

Wiskott	B
Aldrich	I

Wiskott	B
Aldrich	I
WAS	B

WAS	B

WAS	B
WAS	B
WAS	B

WAS	B

myotonic	B

Myotonic	B
DM	B

DM	B

DM	B

DMD	B

DMD	B

DiGeorge	B

DiGeorge	B
DGS	B
aplasia	B
hypoplasia	I
parathyroid	I
glands	I
conotruncal	B

DGS	B

DGS	B

DGS	B

DGS	B
DGS	B

DGS	B
DGS	B

APC	B
adrenocortical	B
familial	B
adenomatous	I
polyposis	I

familial	B
adenomatous	I
polyposis	I
FAP	B

adrenocorotical	B
FAP	B

adenomatous	B
polyposis	I
coli	I
APC	B
APC	B

APC	B
adrenocortical	B

desmoid	B
APC	B
FAP	B

retinoblastoma	B

retinoblastoma	B

metachromatic	B
leukodystrophy	I

metachromatic	B
leukodystrophy	I
MLD	B

MLD	B

MLD	B
MLD	B

Trisomy	B
Prader	B
Willi	I
disomy	I

Uniparental	B
disomy	I
Prader	B
Willi	I
PWS	B

uniparental	B
disomy	I
uniparental	B
disomy	I

trisomy	B

PWS	B

PWS	B

uniparental	B
disomy	I
PWS	B

amelogenesis	I
imperfecta	I

inherited	B
amelogenesis	I
imperfecta	I
XAI	B

XAI	B

XAI	B

XAI	B

XAI	B

phenylketonuria	B

Phenylketonuria	B
PKU	B
phenylalanine	I

PKU	B

PKU	B

PKU	B

Complement	B

Inherited	B
complement	I
deficiencies	I

inherited	B
complement	I
C2	B
sicca	B

C2	B

Pelizaeus	B
Merzbacher	I

Pelizaeus	B
merzbacher	I
PMD	B

PMD	B

hypomyelination	B
glial	B

Pelizaeus	B
Merzbacher	I

hypomyelination	B

Hypomyelination	B
oligodendrocyte	B

Pelizaeus	B
Merzbacher	I

Tay	B
Sachs	I

Deficiency	B
hexosaminidase	I
Tay	B
Sachs	I

Hex	I

Tay	B
Sachs	I

Tay	B
Sachs	I

Tay	B
Sachs	I

Tay	B
Sachs	I

Pelizaeus	B
Merzbacher	I

Pelizaeus	B
Merzbacher	I

Pelizaeus	B
Merzbacher	I

von	B
Willebrand	I
von	B
Willebrand	I

von	B
Willebrand	I

von	B
Willebrand	I

von	B
Willebrand	I

von	B
Willebrand	I

cat	B

cat	B

tetrasomy	B

G6PD	B

G6PD	B

G6PD	B

Craniofrontonasal	B
dysplasia	I

craniofrontonasal	B
dysplasia	I
CFND	B

frontonasal	B
dysplasia	I
coronal	B
craniosynostosis	I

Extracranial	B
brittle	B
nails	I
grooves	I
syndactyly	B

Hypotonia	B
laxity	B

CFND	B

Tay	B
Sachs	I

Tay	B
Sachs	I
TSD	B

TSD	B

TSD	B

TSD	B

Aspartylglucosaminuria	B
AGU	B
lysosomal	B
aspartylglucosaminidase	I

aniridia	B

aniridia	B
aniridia	B
aniridia	B
WAGR	B
contiguous	I

aniridia	B

aniridia	B

aniridia	B

aniridia	B

aniridia	B
aniridia	B
aniridia	B

pyoderma	B
gangrenosum	I
C7	B

pyoderma	B
gangrenosum	I
complement	I
deficiencies	I

C7	B

Deficiencies	B
C7	I

Glucose	B
PHOSPHATE	I
G6PD	I
EC	I
enzymopathy	B

G6PD	B
deficiencies	I

G6PD	B

G6PD	B

golden	B
retriever	I

Golden	B
retriever	I
GRMD	B
DMD	B

DMD	B

DMD	B

GRMD	B

GRMD	B

dystrophin	B

Type	B
complement	I
C2	I

complement	I
C2	I

Type	B
C2	I
C2	B

C2	I
C2	I

C2	I

complement	I
C2	I
C2	B

C2	I

galactosemia	B

galactosemia	B

galactosemia	B

galactosemia	B
galactosemia	B

C2	B

C2	B

C2	B

C2	B

Wilms	B
Denys	B
Drash	I

Denys	B
Drash	I
urogenital	B
pseudohermaphroditism	B
Wilms	B
nephroblastoma	B

Wilms	B

Denys	B
Drash	I

Wilms	B

Denys	B
Drash	I

adrenoleukodystrophy	I

adrenoleukodystrophy	I
ALD	B

ALD	B

ALD	B

ALD	B
blindness	I

phenylketonuria	B

Classical	B
phenylketonuria	I
autosomal	B
recessive	I
phenylalanine	I

PKU	B
PAH	B
deficiencies	I

Huntington	B
HD	B

Pelizaeus	B
Merzbacher	I

Pelizaeus	I
Merzbacher	I
PMD	B

PMD	B

familial	B
polyposis	I

familial	B
adenomatous	I
polyposis	I
coli	I
APC	B

familial	B
Mediterranean	I

familial	B
Mediterranean	I
FMF	B
FMF	B

FMF	B

FMF	B

centrocytic	B

centrocytic	B

parathyroid	B
adenomas	I

centrocytic	B
noncentrocytic	B

centrocytic	B

centrocytic	B

metachromatic	B
leukodystrophy	I
MLD	B

metachromatic	B
leukodystrophy	I
MLD	B

MLD	B

MLD	B

MLD	B

MLD	B

Wiskott	B
Aldrich	I
WAS	B
WAS	B

Wiskott	B
Aldrich	I
WAS	B

WAS	B
WAS	B

WAS	B

WAS	B
WAS	B

Pelizaeus	B
Merzbacher	I

Pelizaeus	B
Merzbacher	I

phenylketonuria	B

Phenylketonuria	B
PKU	B
autosomal	B
recessive	I
phenylalanine	I

PKU	B

PKU	B

piebaldism	B

Piebaldism	B
autosomal	B
dominant	I

piebaldism	B

piebald	B

Piebaldism	B

normotriglyceridemic	B
abetalipoproteinemia	I

Normotriglyceridemic	B
abetalipoproteinemia	I
familial	B
apoB	I

Norrie	B

Norrie	B
NDP	B

NDP	B

NDP	B
NDP	B

phenylketonuria	B

phenylketonuria	B

Gardner	B

Gardner	B
GS	B
craniofacial	B

adenomatous	B
polyposis	I
coli	I
GS	B
familial	B
polyposis	I
coli	I
FPC	B

Huntington	B
Tourette	B

Tourette	B
TS	B
Huntington	B
HD	B

TS	B
HD	B

Tay	B
Sachs	I

Tay	B
Sachs	I

Tay	B
Sachs	I

galactosemia	B

Galactosemia	B
autosomal	B
recessive	I
galactose	I
galactose	I
uridyl	I
transferase	I

galactosemia	B

galactosemia	B

galactosemia	B

Hypoxanthine	B
guanine	I
phosphoribosyltransferase	I

Lesch	B
Nyhan	I
hypoxanthine	I
guanine	I
phosphoribosyltransferase	I
HPRT	I

gouty	B

Lesch	B
Nyhan	I
deficiencies	I
HPRT	I

normotriglyceridemic	B
abetalipoproteinemia	I

normotriglyceridemic	B
abetalipoproteinemia	I

hypobetalipoproteinemia	I

phenylketonuria	B

Phenylketonuria	B
PKU	B

PKU	B

PKU	B

PKU	B

aspartylglucosaminuria	B
AGU	B

Aspartylglucosaminuria	B
AGU	B

AGU	B

AGU	B

myotonic	B

myotonic	B
DM	B

familial	B
adenomatous	I
polyposis	I

familial	B
adenomatous	I
polyposis	I
FAP	B

FAP	B

FAP	B

APC	B

FAP	B
APC	B

familial	B
Mediterranean	I

familial	B
Mediterranean	I
MEF	B

MEF	B
MEF	B
amyloidosis	I
MEF	B
amyloidosis	B

MEF	B
MEF	B

MEF	B

MEF	B
amyloidosis	I
MEF	B
amyloidosis	B

Glucose	B
G6PD	I

G6PD	B

C5	I

Hypocomplementemia	B
C5	I

C5	B

phenylketonuria	B

phenylketonuria	B
PKU	B

PKU	B

PKU	B

PKU	B

Glucose	B
galactose	I
malabsorption	I

Glucose	B
galactose	I
malabsorption	I
GGM	B
autosomal	B
recessive	I

GGM	B

GGM	B

GGM	B

Prader	B
Willi	I

Prader	B
Willi	I
PWS	B

PWS	B

Prader	B
Willi	I

myotonic	B

myotonic	B
DM	B
DM	B

DM	B

DM	B

DM	B

DM	B

histidinemia	B

Lesch	B
Nyhan	I

Lesch	B
Nyhan	I

adrenoleukodystrophy	B
adrenomyeloneuropathy	B

adrenoleukodystrophy	B
ALD	B
adrenomyeloneuropathy	B
AMN	B

ALD	B
AMN	B

ALD	B
AMN	B

ALD	B
AMN	B

ALD	B
AMN	B

ALD	B
AMN	B

DMD	B

girdle	I

DMD	B

DMD	B

DMD	B

uniparental	B
disomy	I
DMD	B

Adrenoleukodystrophy	B
adrenomyeloneuropathy	B
adrenal	B

adrenoleukodystrophy	B
ALD	B
adrenomyeloneuropathy	B
AMN	B
AMN	B
ALD	B

ALD	B
AMN	B

adrenal	I

ALD	B
AMN	B
adrenal	B

ALD	B
AMN	B
adrenocrotical	B

endocrinologic	B

Friedreich	B

Friedreich	B

CETP	B

CETP	B

CETP	B

CETP	B

CETP	B

CETP	B

telangiectasia	I

telangiectasia	I

C9	I
complement	I

C9	B

C9	B

purulent	B
meningococcal	I

immunity	I

C9	I

C9	I
C9	B

C9	I
complement	B
neisserial	I

DMD	B
BMD	B

Becker	I
DMD	B
BMD	B

DMD	B
BMD	B

G6PD	B

G6PD	B

G6PD	B

G6PD	B

G6PD	B

Deficiency	B
complement	I
C5	I

C5	B

C5	I

C5	B

C5	B

C5	B

C5	B
C5	B

PKU	B

Phenylketonuria	B
PKU	B
phenylalanine	I

PKU	B

adrenoleukodystrophy	B

adrenoleukodystrophy	I
ALD	B
ALD	B

ALD	B

color	I
adrenomyeloneuropathy	B
AMN	B
ALD	B

ALD	B

ALD	B
color	I

ALD	B

phenotypic	B
color	I

ALD	B

ALD	B

AMN	B
ALD	B
AMN	B
color	B

color	B
AMN	B

Paroxysmal	B
haemoglobinuria	I
ninth	I
complement	I

haemoglobinuria	I
PNH	B
inherited	B
ninth	I
complement	I

haemoglobinuria	B

PNH	B
PNH	B
C9	B

DMD	B
Becker	B
BMD	B

DMD	B

DMD	B
BMD	B

lamellar	B

lamellar	I
G6PD	B

G6PD	B

von	B
Hippel	I
Lindau	I
sporadic	B
haemangioblastoma	I

retinoblastoma	I
hereditary	B
tumours	I
sporadic	B
tumours	I

sporadic	B

haemangioblastoma	I
von	B
Hippel	I
Lindau	I
VHL	I
sporadic	B
sporadic	B
haemangioblastoma	I

haemangioblastoma	I
VHL	B
sporadic	B
haemangioblastoma	I

VHL	B

haemangioblastoma	I
VHL	B

Tay	B
Sachs	I

Tay	B
Sachs	I
GM2	B
gangliosidosis	I
autosomal	B
recessive	I

Tay	B
Sachs	I

Tay	B
Sachs	I

Tay	B
Sachs	I

Tay	B
Sachs	I

CETP	I
CETP	B

CETP	B

Glucose	B
G6PD	I
enzymopathy	B

G6PD	B

DMD	B

DMD	B
Becker	B

Becker	B

DMD	B
DMD	B

DMD	B

DMD	B

DMD	B
Becker	B
BMD	B
DMD	B

DMD	B
BMD	B

BMD	B
DMD	B
BMD	B

familial	B
aniridia	I

WAGR	B
Wilms	B
aniridia	B
genitourinary	B

myotonic	B

myotonic	B
DM	B

DM	B

DM	B

phenylketonuria	B

phenylketonuria	B
PKU	B
PKU	B

retinoblastoma	B

retinoblastoma	B
tumours	I
retinoblastoma	B

retinoblastoma	B

retinoblastoma	B
tumours	I

tumours	B

tumours	I

retinoblastoma	B
osteosarcoma	B

tumours	B

phenylketonuria	B

phenylketonuria	B
PKU	B

PKU	B

Huntington	B

Huntington	B
HD	B
HD	B

HD	B

choroideremia	B

choroideremia	B
TCD	B
TCD	B

TCD	B

TCD	B
TCD	B

TCD	B

TCD	B

TCD	B

choroideremia	B
TCD	B

aniridia	B

aniridia	B
aniridia	B

aniridia	B

aniridia	B

myotonic	B

myotonic	B
DM	B
DM	B

DM	B

DM	B

DM	B

DM	B

DM	B

DM	B

retinoblastoma	B
RB	I

RB	B

RB	B

RB	B

Langer	B
Giedion	I

Langer	B
Giedion	I
LGS	B

LGS	B
LGS	B

LGS	B

LGS	B

Myotonic	B

myotonic	B
DM	B

myotonic	B

myotonic	B

Color	B
adrenomyeloneuropathy	B

color	I
adrenomyeloneuropathy	B
AMN	B
AMN	B

AMN	B

color	I
AMN	B
adrenoleukodystrophy	B
contiguous	B

Lesch	B
Nyhan	I

Lesch	B
Nyhan	I
hypoxanthine	B
phosphoribosyltransferase	I
HPRT	I

Pelizaeus	B
Merzbacher	I

inborn	B

Pelizaeus	B
Merzbacher	I

Pelizaeus	B
Merzbacher	I

Pelizaeus	B
Merzbacher	I

Pelizaeus	B
Merzbacher	I
dysmyelinating	B
inborn	B

Pelizaeus	B
Merzbacher	I

Pelizaeus	B
Merzbacher	I

von	B
Willebrand	I
von	B
Willebrand	I

von	B
Willebrand	I
vWD	B
inherited	B
von	B
Willebrand	I

vWD	B

IIA	I
vWD	I

IIA	I
vWD	I

Familial	B
complement	I
meningococcal	B

complement	I

C7	B

aniridia	I

aniridia	I

aniridia	B

Homozygous	B
hypobetalipoproteinemia	I
abetalipoproproteinemia	B

hypobetalipoproteinemia	I
HBL	B

HBL	B

HBL	B

HBL	B

HBL	B

abetalipoproteinemia	B

Lesch	B
Nyhan	I

Lesch	B
Nyhan	I

Epstein	B

Lesch	B
Nyhan	I

Complex	B
glycerol	I

glycerol	I
CGKD	B

adrenal	I
hypoplasia	I
glycerol	B

CGKD	B
DMD	B
GTD	B

DMD	B
adrenal	I
hypoplasia	I
AHC	B
GTD	B

CAH	B

CAH	B

C4	B

phenylketonuria	B

Phenylketonuria	B
PKU	B
autosomal	B
recessive	I
phenylalanine	I

PKU	B
inborn	B
error	I
PKU	B

PKU	B
PKU	B

Choroideremia	B

choroideremia	B
TCD	B
Tapeto	I
Choroidal	I
Dystrophy	I

TCD	B

TCD	B

TCD	B
TCD	B

TCD	B

Von	B
Hippel	I
Lindau	I

Von	B
Hippel	I
Lindau	I
VHL	B
autosomal	B
dominant	I
hemangioblastomas	B
phaeochromocytomas	B
pancreatic	B

tumours	I

VHL	B

VHL	B
VHL	B

inherited	B
sporadic	I

Lowe	B
oculocerebrorenal	I

Lowe	B
oculocerebrorenal	I
OCRL	B
defective	B

OCRL	B

OCRL	B

Lowe	B

OCRL	B

OCRL	B

Lesch	B
Nyhan	I

hypoxanthine	I
guanine	I
phosphoribosyltransferase	I
Lesch	B
Nyhan	I

Lesch	B
Nyhan	I

G6PD	B

G6PD	B
G6PD	B
Seattle	I
G6PD	B
G6PD	B

nonspherocytic	I
CNSHA	B
G6PD	I
familial	B
amyloidotic	I
FAP	B

erythrocytic	B
G6PD	I
nonspherocytic	I
CNSHA	B
familial	B
amyloidotic	I
FAP	B

retinoblastoma	B

retinoblastoma	B

retinoblastoma	B

retinoblastoma	B

C3	B

complement	I

mesangiopathic	B

C3	B
pyogenic	B
C3	B

AAT	I
emphysema	B

Becker	I

DMD	B
Becker	B
BMD	B

DMD	B
DMD	B

BMD	B

DMD	B
BMD	B

Prader	B
Willi	I

Prader	B
Willi	I
PWS	B

PWS	B

PWS	B
chromosomal	B

Becker	B

DMD	B
recessive	I

DMD	B

DMD	B
DMD	B

DMD	B
Becker	B
BMD	B

DMD	B
DMD	B

DMD	B

Lesch	B
Nyhan	I

Lesch	B
Nyhan	I
inherited	B

Lesch	B
Nyhan	I

Lesch	B
Nyhan	I

Lesch	B
Nyhan	I

retinoblastoma	B

retinoblastoma	B
retinoblastoma	B

Hereditary	B
C2	I

C2	B
hypoimmunoglobulinemia	B

chromosomal	B

C2	B

Becker	I
DMD	B
BMD	B

DMD	B

BMD	B
DMD	B

DMD	B

Becker	I

Becker	I
DMD	B
BMD	B
DMD	B

DMD	B

DMD	B
BMD	B

BMD	B
DMD	B

Hereditary	B
complement	I

C3	I

inherited	B
C3	I
arthralgia	B

G6PD	B

von	B
Willebrand	I
von	I
Willebrand	I

von	I
Willebrand	I
von	B
Willebrand	I

von	I
Willebrand	I

Sjogren	B
Larsson	I

inherited	B
Sjogren	B
Larsson	I
SLS	B

SLS	B

SLS	B

SLS	B
SLS	B

SLS	B

SLS	B

SLS	B
SLS	B

SLS	B
NAD	I
oxidoreductase	I

SLS	B
inherited	B

DMD	B
DMD	B

DMD	B
DMD	B

DMD	B
DMD	B

dystrophic	B

DMD	B
DMD	B

Glucose	B

G6PD	I

G6PD	B

G6PD	B

Hepatoblastoma	B
pigmented	B
Gardner	B

Hepatoblastoma	B
neoplasm	B
hereditary	B
adenomatous	I
polyposis	I
colon	I

hepatoblastoma	B
Gardner	B
GS	B

hepatoblastoma	B
GS	B

odontoma	B
pigmented	B
GS	B

GS	B
osteomatous	B
pigmented	B

colonic	B
polyps	I
hepatoblastoma	B

colonic	B
polyps	I

pigmented	B
GS	B

Tay	B
Sachs	I

Tay	B
Sachs	I
autosomal	B
recessive	I

Tay	B
Sachs	I

G6PD	I

G6PD	I

Glucose	B
G6PD	I
EC	I

favism	B

G6PD	B

myotonic	B

myotonic	B
DM	B
DM	B

DM	B

choroideremia	B

choroideremia	B

choroideremia	B

hepatoma	B

Phenylketonuria	B
PKU	B
phenylalanine	I

hepatoma	B

hepatoma	B

PKU	B

DMD	B

DMD	B

DMD	B

retinoblastomas	B

Retinoblastoma	B

retinoblastoma	B

retinoblastoma	B
retinoblastoma	B

DMD	B

DMD	B
dystrophic	B

DMD	B

Lesch	B
Nyhan	I

Lesch	B
Nyhan	I

Lesch	B
Nyhan	I

Lesch	B
Nyhan	I

hereditary	B
spherocytic	I

hereditary	B
nonspherocytic	I
HNSHA	B

G6PD	B

HNSHA	B
G6PD	B

Wiskott	B
Aldrich	I

Wiskott	I
Aldrich	I

Hypopigmentation	B
Prader	B
Willi	I

Cutaneous	B
pigmentation	I
Prader	B
Willi	I
PWS	B

hypopigmentation	B

PWS	B
hypopigmented	B

hypopigmentation	B
hypopigmentation	B

PWS	B
hypopigmentation	B

hypopigmentation	B
PWS	B
hypopigmentation	B

hypopigmentation	B

adrenoleukodystrophy	B

adrenoleukodystrophy	B
ALD	B
ALD	B

leukodystrophy	B
myeloneuropathy	B
adrenocortical	B

ALD	B

DMD	B

DMD	B
Becker	B

Emery	B
Dreifuss	I

DMD	B

DMD	B

Becker	I
dystrophies	I

dystrophic	B
Becker	I

DMD	B
DMD	B

myopathies	B
Emery	B
Dreifuss	I
DMD	B

phenylketonuria	B

Classical	B
Phenylketonuria	I
PKU	B
autosomal	B
recessive	I
phenylalanine	I

PKU	B

DMD	B
DMD	B

DMD	B
DMD	B

Prader	B
Willi	I

Prader	B
Willi	I
PWS	B

PWS	B

PWS	B

DMD	B

DMD	B
DMD	B

Heterozygous	B
C2	I

complement	B
C2	I

C2	B

C2	B

complement	I

C3	B

C3	B

C3	B

C3	B

C3	B
C3	B

Phenylketonuria	B
PKU	B
phenylalanine	I

PKU	B

phenylketonuria	B

Phenylketonuria	B
PKU	B
autosomal	B
recessive	I
phenylalanine	I

PKU	B

von	I
Willebrand	I
von	B
Willebrand	I

Type	B
von	I
Willebrand	I
vWD	B
von	B
Willebrand	I

vWD	I

van	B
der	I
Woude	I

van	B
der	I
Woude	I
VWS	B

CLP	B
pits	I
fistulae	B

CLP	B
VWS	B
CLP	B

CLP	B
VWS	B

Lip	B
pits	I

VWS	B

VWS	B

VWS	B

pits	I

pits	I

VWS	B

VWS	B

Hereditary	B
C7	I

ankylosing	B
spondylitis	I
complement	I

C7	B

deficienty	I

complement	B
deficiencies	I
C2	I
C7	I

complement	I
C5	I

C5	I
complement1	I

C5	B

meningococcal	B
complement	I

meningococcal	B
complement	I

neisserial	B
C6	B

C6	B

neisserial	B

Deficiency	B
complement	I

complement	I

gonococcal	B

C5	B

C5	B

C5	B

Deficiency	B
C5	I
gonococcal	B

G6PD	I

G6PD	B

G6PD	B

Lesch	B
Nyhan	I

hyperuricemia	B

Lesch	B
Nyhan	I

chroeoathetosis	B
dysarthric	B
hyperuricemia	B

Lesch	B
Nyhan	I

Lesch	B
Nyhan	I

Lesch	B
Nyhan	I

Lesch	B
Nyhan	I

Becker	B

Becker	B
BMD	B
BMD	B

Becker	B
dystrophies	I

Lesch	B
Nyhan	I

HPRT	B
deficiencies	I
gouty	B
Lesch	B
Nyhan	I

Wiskott	B
Aldrich	I

Wiskott	B
Aldrich	I
WAS	B

WAS	B

WAS	B
WAS	B
Wiskott	B
Aldrich	I

Complement	B

C3	I

C3	B
haematuria	B
C3	B

C3	B

C3	B

Glucose	B
G6PD	I

G6PD	B

Glucose	B

Glucose	B
G6PD	I
EC	I

G6PD	B

G6PD	B

G6PD	B
malarious	B

adrenoleukodystrophy	B

adrenoleukodystrophy	B
ALD	B

adenovirus	B

ALD	B

G6PD	B

Adrenoleukodystrophy	B

Adrenoleukodystrophy	B
ALD	B
demyelination	I
adrenal	B

ALD	B
Zellwegers	B
cerebrohepatorenal	I
peroxisomal	B

ALD	B

ALD	B
adrenomyeloneuropathy	B

ALD	I
Zellwegers	B

ALD	B

G6PD	B

DMD	B

DMD	B

DMD	B
DMD	B

DMD	B

DMD	B

DMD	B

Bechterew	B
ankylosing	B
spondylitis	I

ankylosing	B
spondylitis	I

ankylosing	B
spondylitis	I

psoriatic	B
arthropathy	I
entero	B
arthropathy	I

sacro	B
iliitis	I

sacro	B
iliitis	I
uveitis	I
arthropathy	B

HEREDITARY	B
MULTIFOCAL	I
RELAPSING	I
INFLAMMATION	I
HEMRI	B

Ankylosing	B
spondylitis	I
psoriatic	B
arthropathy	I
entero	B
arthropathy	I

Prader	B
Willi	I

Prader	B
Willi	I
PWS	B

PWS	B

PWS	B

PWS	B

Tay	B
Sachs	I

Tay	B
Sachs	I
TSD	B
TSD	B

TSD	B

TSD	B

TSD	B

TSD	B

TSD	B

TSD	B

complement	I
meningococcal	B
haemostasis	B

C6	B

meningococcal	B

hemostatic	B

Absence	B
complement	I
meningococcemia	I

meningococcemia	I

complement	I

C7	I

neisserial	I
C7	B

Familial	B
C2	B

C2	B

C2	B

G6PD	I

G6PD	B
nonspherocytic	I
CNSHA	B

CNSHA	B

G6PD	I

Glucose	B

G6PD	B

G6PD	B

G6PD	I
favism	B

G6PD	I

G6PD	B

Favism	B

favism	B

nonspherocytic	I

G6PD	B

C2	B

Complement	B
MG	B

MG	B
C2	B

Adrenoleukodystrophy	B

adrenoleukodystrophy	B
ALD	B
ALD	B

ALD	B

ALD	B

cerebrotendinous	B
xanthomatosis	I

cerebrotendinous	B
xanthomatosis	I
CTX	B

Abnormalities	B

CTX	B

CTX	B

CTX	B

CTX	B

cerebrotendinous	B
xanthomatosis	I
CTX	B

cerebrotendinous	B
xanthomatosis	I
CTX	B

CTX	B

tendinous	B
xanthomas	I

CTX	B

G6PD	B

G6PD	B

Nephropathy	B
Wiskott	B
Aldrich	I

Nephropathy	B
Wiskott	B
Aldrich	I

Wiskott	B
Aldrich	I

Wiskott	B
Aldrich	I

Wiskott	B
Aldrich	I
WAS	B

WAS	B

WAS	B

WAS	B

Wiskott	B
Aldrich	I

WAS	B

adrenoleukodystrophy	B

adrenoleukodystrophy	B
ALD	B

ALD	B

Type	B
ALD	I
ALD	B

G6PD	B
G6PD	B

Glucose	B
G6PD	I
cataractous	B

G6PD	B

G6PD	B
galactosemic	B

acyl	I

unexplained	I

VLCAD	B

VLCAD	B

BRCA1	B

WD	B

WD	B

complement	I
meningococcal	B

Terminal	B
complement	I
meningococcal	B

meningococcal	B

complement	I
complement	I

C7	B
C7	B

meningococcal	B
meningococcal	B

complement	B

subtotal	B
complement	I
C6	I

subtotal	B
complement	I
C6	I

subtotal	B
C6	I
C6	I

Myotonic	B

myotonic	B

multisystemic	B
myotonic	B

myotonic	B
DM	B
myopathic	B

DM	B

DM	B

myotonic	B
DM	B

myotonic	B

galactosemia	B

GALT	B

GALT	B

galactosemia	I

galactosemia	B
galactosemia	I

aniridia	B

Aniridia	B
iris	B
hypoplasia	I
autosomal	B
dominant	I

aniridia	B

aniridia	B

aniridia	B

aniridia	B
anosmia	B

aniridia	B

aniridia	B
haploinsufficiency	B
PAX6	I

inherited	B

Huntington	B
HD	B

HD	B

HD	B

spinocerebellar	B
Machado	I
Joseph	I

spinocerebellar	B
SCA3	B
autosomal	I
dominant	I
ADCA	B

ADCA	B
SCA3	B
Machado	B
Joseph	I
MJD	B

ADCA	B
dentatorubropallidoluysian	B
MJD	B

Pelizaeus	B
Merzbacher	I

Pelizaeus	B
Merzbacher	I
recessive	I
dysmyelinating	I

Pelizaeus	B
Merzbacher	I

Pelizaeus	B
Merzbacher	I

Pelizaeus	B
Merzbacher	I

Wiskott	B
Aldrich	I

Wiskott	B
Aldrich	I
WAS	B
recessive	I
eczema	B

WAS	B
XLT	B
eczema	B

WAS	B
WAS	B
WAS	B

WAS	B

WAS	B

XLT	B

WAS	B

XLT	B
WAS	B

Myotonia	B
levior	I

dominant	B
dystrophic	I
myotonias	I

Dominant	B
Thomsens	B

dominant	B
myotonias	I

levior	I
Thomsens	B

levior	I

Thomsens	B

Thomsens	B
recessive	B

Lesch	B
Nyhan	I

HPRT	B
Lesch	B
Nyhan	I

amelogenesis	I
imperfecta	I

amelogenesis	B
imperfecta	I
inherited	B

amelogenesis	I
imperfecta	I
AIH1	B

AIH1	B

hyperalphalipoproteinemic	B

hyperalphalipoproteinemia	B
CETP	B

hyperalphalipoproteinemic	B

hyperalphalipoproteinemic	B

hyperalphalipoproteinemia	B
opacity	I

CETP	B

Mucopolysaccharidosis	B

Mucopolysaccharidosis	B
MPS	B
autosomal	B
recessive	I
acetylgalactosamine	I
sulfatase	I

familial	B
familial	B

carcinomatosis	I

inherited	B

G6PD	B

Glucose	B
G6PD	I
enzymopathy	B

G6PD	B

G6PD	B
G6PD	B

G6PD	B

rhabdomyosarcoma	I

rhabdomyosarcoma	I

melanomas	B

hereditary	B

VLCAD	B

VLCAD	B

VLCAD	I

VLCAD	B

myotonic	B

myotonic	B
DM	B

DM	B

DM	B

adrenoleukodystrophy	I

peroxisomal	B
adrenoleukodystrophy	I
ALD	I

ALD	I
ALD	B
adrenomyeloneuropathy	B
AMN	B
Addison	B
ADO	B

ALD	B
ALD	I
ALD	B

AMN	B

ADO	B

ALD	B
AMN	B
ALD	I

ALD	I

myotonic	B

myotonic	B
DMD	B

myotonic	B

dystrophin	B

Myotonic	B

DMD	B

familial	B

hereditary	B

peritoneal	I
fallopian	I
tube	I

Huntington	B

Huntington	B
HD	B

HD	B

HD	B

HD	B

HD	B

HD	B
Huntington	B

Lowe	B

Lowe	B
oculocerebrorenal	B

Lowe	B

myotonic	B

myotonic	B
myotonic	B
DM	B

DM	B
DM	B

myotonic	B

myotonic	B
DM	B
DM	B

DM	B

DM	B

VLCAD	B

VLCAD	B

hypertrophic	B

Hereditary	B
complement	I

C5	B

hereditary	B
complement	I

C5	B
C5D	B
C5D	B

C5	B

C5D	B

C5D	B

peroxisomal	B

peroxisomal	B

PTS1	B
import	I
adrenoleukodystrophy	I
Zellweger	B

peroxisomal	B

import	I
peroxisomal	B

hereditary	B
hereditary	I
retinoblastoma	I

retinoblastoma	B

hereditary	B
hereditary	I
retinoblastoma	I

retinoblastoma	B

Aniridia	B

aniridia	B
iris	I

aniridia	B

sporadic	B
tumours	I

autosomal	B
dominant	I
tumours	B

tumours	B

sporadic	B

familial	B
hereditary	I
sporadic	I

DMD	B

adrenoleukodystrophy	I
ALD	B
ALD	B

adrenoleukodystrophy	B
ALD	B
ALD	I

ALD	B

ALD	I
adrenomyeloneuropathy	B
Addison	B
ALD	B

Norrie	B

Norrie	B
ND	B
ND	B

ND	B

ND	B
ND	B

ND	B

myotonic	B

myotonic	B
DM	B
DM	B

mentally	B
retarded	I

DM	B

DM	B

Machado	B
Joseph	I

Breast	B

family	I
ovaries	I

family	I

fructosuria	I

Essential	B
fructosuria	I
inborn	B

fructokinase	I

fructosuria	I

fructosuria	I

fructosuria	B

Gaucher	I

Gaucher	B
glucocerebrosidase	I

stillborn	B

metachromatic	B
leukodystrophy	I

Metachromatic	B
Leukodystrophy	I
MLD	B

MLD	B

MLD	B

MLD	B

MLD	B

MLD	B

Kniest	B
dysplasia	I

Kniest	B
dysplasia	I
chondrodysplasia	B

trunk	I
hypoplasia	I
myopia	B

Kniest	B
dysplasia	I
Kniest	B
dysplasia	I

Kniest	B
dysplasia	I

Kniest	B
dysplasia	I

Machado	B
Joseph	I

Machado	B
Joseph	I
MJD	B

MJD	B

MJD	B

myotonic	B

myotonic	B
DM	B
DM	B

DM	B
DM	B

Fragile	B
DM	B

DM	B
myotonic	B

DM	B
DM	B

DM	B
DM	B

serous	B
cystadenocarcinoma	I

hereditary	B
nonpolyposis	I

familial	B

sporadic	B

aniridia	B

aniridia	B
haploinsufficiency	B
PAX6	I

aniridia	B

craniofacial	B

hereditary	B

adrenoleukodystrophy	B

Adrenoleukodystrophy	B
ALD	B
peroxisomal	B
acids	I

ALD	B

ALD	B

ALD	B

ALD	B

adrenomyeloneuropathy	B
ALD	B
contiguous	B
ALD	B

Huntington	B

Huntington	B
HD	B
autosomal	B
dominant	I

CETP	I

CETP	B

cerebrotendinous	B
xanthomatosis	I

cerebrotendinous	B
xanthomatosis	I
CTX	B

CTX	B

xanthoma	B

CHM	B
choroideremia	B

choroideremia	B
CHM	B
choroideremia	B

CHM	B

CHM	B

CHM	B
choroideremia	B

adrenomyeloneuropathy	B
adrenoleukodystrophy	I

adrenoleukodystrophy	I
ALD	I
inherited	B
demyelination	B
adrenal	I

ALD	I
CCALD	B
adrenomyeloneuropathy	B
AMN	B

ALD	I
AMN	B
AMN	B
CCALD	B
ALD	I
AdolCALD	B

AMN	B
CCALD	B
AdolCALD	B

AMN	B
ALD	I

Adrenoleukodystrophy	B

adrenoleukodystrophy	I
ALD	B
ALD	B

ALD	B
ALD	B

ALD	B

McLeod	B

McLeod	B
multisystem	I

McLeod	B

McLeod	B

McLeod	B

McLeod	B

spastic	I
paraplegia	I
Pelizaeus	B
Merzbacher	I
allelic	B

spastic	I
paraplegia	I
SPG	B

dysmyelinating	I
Pelizaeus	B
Merzbacher	I
PMD	B

PMD	B
allelic	B

Canavan	B

Canavan	B
autosomal	B
recessive	I
leukodystrophy	I
aspartoacylase	I

Canavan	B

Canavan	B

Canavan	B

myotonic	B

myotonic	B
DM	B
DM	B

DM	B

DM	B

DM	B

Adenomatous	B
polyposis	I
coli	I

APC	B

Adenomatous	B
polyposis	I
coli	I
rectum	I

mentally	B
retarded	I
autistic	B
dysmorphic	B

APC	B

Familial	B

Breast	B

hereditary	B

Ewing	B
family	I
desmoplastic	B
round	I

Ewing	B
neuroectodermal	B
desmoplastic	B
round	I

Ewings	B

Canavan	B

Canavan	B
spongy	B
leukodystrophy	B
aspartoacylase	I

Canavan	B

Canavan	B

Myotonic	B

Myotonic	B
DM	B
DM	B

DM	B

DM	B

phenylketonuria	B

hyperphenylalaninemic	B

phenylketonuria	B

infantile	I
metachromatic	I
leukodystrophy	I

infantile	I
metachromatic	I
leukodystrophy	I
MLD	B

MLD	I

infantile	I
MLD	I

infantile	I
metachromatic	I
leukodystrophy	I

Metachromatic	B
leukodystrophy	I
MLD	B
autosomal	B
recessive	I
lysosomal	I
arylsulfatase	I

infantile	I
metachromatic	I
leukodystrophy	I

MLD	B

aniridia	B

aniridia	B

aniridia	B

myotonic	B

myotonic	B
DM	B
DM	B

DM	B

DM	B

DM	B
DM	B

DM	B
DM	B
DM	B
DM	B

DM	B

myotonic	B

Myotonic	B
DM	B
DM	B

DM	B

DM	B

DM	B

DM	B

APC	B
adenomatous	B
polyposis	I
coli	I

adenomatous	B
polyposis	I
coli	I
APC	B

APC	B

APC	B

Peters	B

aniridia	B

Peters	B

Peters	B

Peters	B

Peters	B

Huntington	B

Huntington	B
HD	B

HD	B

HD	B

HD	B
HD	B

HD	B

alkaptonuria	B
AKU	B

Alkaptonuria	B
AKU	B
autosomal	B
recessive	I

Ochronosis	B
ochronotic	B
arthropathy	I

alkaptonuria	B

alkaptonuria	B

hereditary	B
galactose	I
malabsorption	I

galactose	I
malabsorption	I

galactose	I
malabsorption	I

prolidase	B

prolidase	B
autosomal	B
recessive	I
iminodipeptiduria	B

prolidase	B

Friedreich	B

Friedreich	B
FRDA	B

FRDA	B
FRDA	B

FRDA	B

FRDA	B

FRDA	B

Prader	B
Willi	I

Prader	B
Willi	I
PWS	B
PWS	B
neurodevelopmentally	B
handicapped	I

PWS	B

PWS	B
PWS	B
neurodevelopmentally	B
handicapped	I

retinitis	B
pigmentosa	I
flavimaculatus	I

autosomal	B
dominant	I
retinitis	I
pigmentosa	I
retinitis	B
punctata	I
albescens	I

retinitis	B
pigmentosa	I

flavimaculatus	I

Pericentral	B
scotomas	I

autosomal	B
recessive	I
galactose	I
malabsorption	I

APC	B
adenomatous	B
polyposis	I
coli	I

APC	B
adenomatous	B
polyposis	I
coli	I

pigment	I
epithelium	I
CHRPE	B

CHRPE	B

APC	B

CHRPE	B

CHRPE	B

APC	B

DMD	B
DMD	B

DMD	B

DMD	B

DMD	B

DMD	B

APC	B

APC	B

APC	B

Angelman	B
Prader	B
Willi	I

Angelman	B
Prader	B
Willi	I
PWS	B

PWS	B

PWS	B

WND	B

WND	B

WND	B

WND	B

tumours	B

Myotonic	B

myotonic	B
DM	B

myotonic	B

DM	B

DM	B

DM	B

acyltransferase	I

Classic	B
lecithin	I
acyltransferase	I
LCAT	I
Fish	B
LCAT	I

LCAT	B
LCAT	I
Fish	B

LCAT	I

LCAT	I
Fish	B

recessive	I

recessive	I

Wiskott	B
Aldrich	I
WAS	B

deficiencies	I
recessive	I
WAS	B

WAS	B

Macular	B

autosomal	B
dominant	I
retinitis	I
pigmentosa	I

scotoma	I
pigment	I
epithelium	I
choriocapillaris	B
macula	I

cone	B

hemochromatosis	B

hemochromatosis	B

hemochromatosis	B

hemochromatosis	B
hemochromatosis	B

hemochromatosis	B

hemochromatosis	B
HFE	B

Ewing	B
neuroectodermal	B

Ewing	B

Norrie	B

Norrie	B
pseudoglioma	B
NDP	B

NDP	B

Norrie	B

NDP	B

NDP	B

Huntington	B
HD	B
HD	B

Huntington	B
HD	B
HD	B

HD	B
HD	B

Tay	B
Sachs	I

Tay	B
Sachs	I
TSD	B

TSD	B

TSD	B

TSD	B

retinoblastoma	I

retinoblastoma	B

aniridia	B

Aniridia	B
malformation	I
iris	B
hypoplasia	I
blindness	B

aniridia	B
aniridia	B

aniridia	B
aniridia	B

aniridia	B

aniridia	B

Autosomal	B
dominant	I
neurohypophyseal	I

autosomal	B
dominant	I
neurohypophyseal	I

DMD	B

DMD	B
DMD	B

DMD	B

hereditary	B

hereditary	B

CETP	B

Familial	B
Mediterranean	I

familial	B
Mediterranean	I
FMF	B
FMF	B

amyloidotic	B
FMF	B

Norrie	B

Norrie	B

Norrie	B

adrenoleukodystrophy	I

Adrenoleukodystrophy	B
ALD	B
ALD	I
adrenomyeloneuropathy	B
AMN	B

ALD	B

demyelination	I

AMN	B

Adrenal	B
Addisons	B
ALD	B

ALD	B

ALD	B

ALD	B

ALD	B

hypobetalipoproteinemia	B

Familial	B
hypobetalipoproteinemia	I
autosomal	B
codominant	I

hypobetalipoproteinemia	B

hypobetalipoproteinemia	B

hypobetalipoproteinemia	B
chylomicronemia	B

exencephalus	B
hydrocephalus	B

hypobetalipoproteinemia	B
atherogenesis	B
exencephalus	B
hydrocephalus	B

acyl	I

VLCAD	B

G6PD	I

G6PD	I

G6PD	B

G6PD	B

G6PD	B

G6PD	B

choroideremia	B

choroideremia	B
CHM	B
CHM	B

myotonic	B
DM	B

myotonic	B
DM	B

DM	B

DM	B

DM	B

DM	B
myotonic	B

hemophilia	B
von	B
Willebrand	I

hemophilia	B
von	B
Willebrand	I
von	B
Willebrand	I

hemophilia	B

hemophilia	B

hemophilia	B

hemophilia	B

von	B
Hippel	I
Lindau	I
cystadenoma	I
epididymis	I

Papillary	B
cystadenoma	I
epididymis	I
von	B
Hippel	I
Lindau	I
VHL	I

VHL	B

cystadenoma	I
epididymis	I

cystadenoma	I
von	B
Hippel	I
Lindau	I
VHL	B

VHL	B

VHL	B
VHL	B
cystadenomas	B
epididymis	I

Wiskott	B
Aldrich	I
WAS	B

Wiskott	I
Aldrich	I
WAS	B

WAS	B
WAS	B

WAS	B
WAS	B

WAS	B

WAS	B

WAS	B
WAS	B
WAS	B
WAS	B

Wiskott	B
Aldrich	I

Wiskott	B
Aldrich	I
WAS	B

WAS	B

WAS	B

Machado	B
Joseph	I

Machado	B
Joseph	I
MJD	B

MJD	B
MJD	B

MJD	B

MJD	B

Huntington	B
HD	B
HD	B

MJD	B

Langer	B
Giedion	I
trichorhinophalangeal	B

Langer	B
Giedion	I

Langer	B
Giedion	I

trichorhinophalangeal	B
TRPS	B

LGS	B
Langer	B
Giedion	I

Deficiency	B

G6PD	B

G6PD	B

G6PD	B

G6PD	B
G6PD	B

BPAD	B

BPAD	B

BPAD	B

galactosemia	B

galactosemia	B

galactosemia	I
galactosemia	B

galactosemia	B
galactosemia	B

galactosemia	B

Brca1	B
neuroepithelial	B

tumours	B

Brca1	B
spina	B
bifida	I

Brca1	B

adrenoleukodystrophy	B
adrenomyeloneuropathy	B

Adrenoleukodystrophy	B
ALD	B
inherited	I
inborn	B
peroxisomal	I

demyelination	B

ALD	B

adrenoleukodystrophy	B
adrenomyeloneuropathy	B
ALD	B
AMN	B
ALD	B

ALD	B

ALD	B

Atelosteogenesis	B
diastrophic	B
dysplasia	I
chondrodysplasias	B

Atelosteogenesis	B
AO	B
chondrodysplasia	B
chondrodysplasia	B
diastrophic	B
dysplasia	I
DTD	B

DTD	B
diastrophic	B
dysplasia	I

AOII	B

chondrodysplasia	B
chondrodysplasias	B

hereditary	B

BRCA1	B

Emerin	B
Emery	B
Dreifuss	I

Emery	I
Dreifuss	I
EDMD	B

EDMD	B

EDMD	B

emerin	I
EDMD	B

Growth	B

colon	B

MCF	B
tumours	I

MCF	B
tumours	I

